Kinh,MAE_group
0.0,22495.312382558634
1.0,23429.594249635793
