MAE,RMSE,R2,MAE_raw,RMSE_raw,R2_raw,smearing,model,run,train_years,test_year
2.026376008668898,2.8399138458064255,0.5577648206368029,33264.54106257739,59996.21271745261,-0.08636534472391899,5.996440963716855,RF,time,"2010,2014",2016
