tinh,MAE_group
Ha Tay,13080.536121195084
Lao Cai,14048.011767797696
Phu Tho,18304.065976343318
Lai Chau,12328.401653329187
Dien Bien,17966.534132725887
Nghe An,7433.916907322115
Quang Nam,10672.37380117879
Khanh Hoa,11105.46167598125
Dak Lak,35168.07639127907
Dak Nong,57108.44625998712
Lam Dong,40986.62812701831
Long An,21059.106983734462
