Kinh,MAE_group
0.0,16464.90107125747
1.0,19000.696680861587
