Kinh,MAE_group
0.0,54584.18450855728
1.0,27650.334138792194
