Kinh,MAE_group
0.0,25630.12395221303
1.0,21080.88038900408
