Kinh,MAE_group
0.0,32081.550070908936
1.0,27816.914519570473
