Kinh,MAE_group
0.0,31590.37431409426
1.0,21068.655962062676
