Kinh,MAE_group
0.0,64388.9022693522
1.0,22445.823249054363
