Kinh,MAE_group
0.0,114144.77630062203
1.0,32863.495430989155
