Kinh,MAE_group
0.0,103991.19586997185
1.0,34805.51582201045
