Kinh,MAE_group
0.0,18326.086070216308
1.0,21310.861279627996
