Kinh,MAE_group
0.0,18390.96065481562
1.0,19139.4246284964
